PRAGMA foreign_keys=OFF;
BEGIN TRANSACTION;
CREATE TABLE Setup (Class NUMERIC, ID INTEGER PRIMARY KEY, Name NUMERIC, Visable NUMERIC, Value NUMERIC, MaxValue NUMERIC, MinValue NUMERIC, Introduce TEXT, InitValue NUMERIC);
INSERT INTO "Setup" VALUES(21,1,'传动系数',1,10,9999,0.0001,'单位：mm；一般为丝杆螺距，电机转动一周对应轴的移动量',10);
INSERT INTO "Setup" VALUES(21,2,'电机方向',1,1,1,0,'0=顺时针为正方向；1=正时针为正方向',0);
INSERT INTO "Setup" VALUES(21,3,'运行速度',1,2000,2500,100,'单位：RPM；电机运行时的最大转速',1000);
INSERT INTO "Setup" VALUES(21,4,'手动速度',1,1000,2500,100,'单位：RPM；手动操作时的运行转速',1000);
INSERT INTO "Setup" VALUES(21,5,'最大距离',1,5500,9999,0,'单位：mm；当前轴的最大位置软限位',550);
INSERT INTO "Setup" VALUES(21,6,'最小距离',1,10,9999,0,'单位：mm；当前轴的最小位置软限位',10);
INSERT INTO "Setup" VALUES(21,7,'定位方式',1,0,1,0,'0=正常模式；1=单边定位',0);
INSERT INTO "Setup" VALUES(21,8,'超程距离',1,10,99,0,'单位：mm；单边定位时超程距离，推荐与<传动系数>相同',10);
INSERT INTO "Setup" VALUES(21,9,'寻参模式',1,1,2,0,'0=手动；1=自动寻参，正限位；2=自动寻参，负限位',1);
INSERT INTO "Setup" VALUES(21,10,'参考点位置',1,550,9999,0,'单位：mm；参考点实际位置',550);
INSERT INTO "Setup" VALUES(NULL,11,NULL,NULL,NULL,NULL,NULL,NULL,NULL);
INSERT INTO "Setup" VALUES(NULL,12,NULL,NULL,NULL,NULL,NULL,NULL,NULL);
INSERT INTO "Setup" VALUES(NULL,13,NULL,NULL,NULL,NULL,NULL,NULL,NULL);
INSERT INTO "Setup" VALUES(NULL,14,'',NULL,NULL,NULL,NULL,NULL,NULL);
INSERT INTO "Setup" VALUES(NULL,15,NULL,NULL,NULL,NULL,NULL,NULL,NULL);
INSERT INTO "Setup" VALUES(22,16,'传动系数',1,10,9999,0.0001,'单位：mm；电机转动1周对应轴的移动量',0.1);
INSERT INTO "Setup" VALUES(22,17,'电机方向',1,1,1,0,'0=顺时针为正方向；1=正时针为正方向',0);
INSERT INTO "Setup" VALUES(22,18,'运行速度',1,2000,2500,100,'单位：RPM；电机运行时的最大转速',1000);
INSERT INTO "Setup" VALUES(22,19,'手动速度',1,1000,2500,100,'单位：RPM；手动操作时的运行转速',200);
INSERT INTO "Setup" VALUES(22,20,'最大距离',1,5500,9999,0,'单位：mm；当前轴的最大位置软限位',200);
INSERT INTO "Setup" VALUES(22,21,'最小距离',1,10,9999,0,'单位：mm；当前轴的最小位置软限位',10);
INSERT INTO "Setup" VALUES(22,22,'定位方式',1,0,1,0,'0=正常模式；1=单边定位',0);
INSERT INTO "Setup" VALUES(22,23,'超程距离',1,0.1,99,0,'单位：mm；单边定位时超程距离，推荐与<传动系数>相同',0.1);
INSERT INTO "Setup" VALUES(22,24,'寻参模式',1,0,2,0,'0=手动；1=自动寻参，正限位；2=自动寻参，负限位',0);
INSERT INTO "Setup" VALUES(22,25,'参考点位置',1,200,9999,0,'单位：mm；参考点实际位置',200);
INSERT INTO "Setup" VALUES(NULL,26,NULL,NULL,NULL,NULL,NULL,NULL,NULL);
INSERT INTO "Setup" VALUES(NULL,27,NULL,NULL,NULL,NULL,NULL,NULL,NULL);
INSERT INTO "Setup" VALUES(NULL,28,NULL,NULL,NULL,NULL,NULL,NULL,NULL);
INSERT INTO "Setup" VALUES(NULL,29,NULL,NULL,NULL,NULL,NULL,NULL,NULL);
INSERT INTO "Setup" VALUES(23,30,'R轴使能',1,0,1,0,'0=不使用R轴；1=使用R轴',0);
INSERT INTO "Setup" VALUES(23,31,'传动系数',1,10,9999,0.0001,'单位：mm；一般为丝杆螺距，电机转动一周对应轴的移动量',10);
INSERT INTO "Setup" VALUES(23,32,'电机方向',1,1,1,0,'0=顺时针为正方向；1=正时针为正方向',0);
INSERT INTO "Setup" VALUES(23,33,'运行速度',1,2000,2500,100,'单位：RPM；电机运行时的最大转速',1000);
INSERT INTO "Setup" VALUES(23,34,'手动速度',1,1000,2500,100,'单位：RPM；手动操作时的运行转速',1000);
INSERT INTO "Setup" VALUES(23,35,'最大距离',1,5500,9999,0,'单位：mm；当前轴的最大位置软限位',550);
INSERT INTO "Setup" VALUES(23,36,'最小距离',1,10,9999,0,'单位：mm；当前轴的最小位置软限位',10);
INSERT INTO "Setup" VALUES(23,37,'定位方式',1,0,1,0,'0=正常模式；1=单边定位',0);
INSERT INTO "Setup" VALUES(23,38,'超程距离',1,10,99,0,'单位：mm；单边定位时超程距离',10);
INSERT INTO "Setup" VALUES(23,39,'寻参模式',1,1,2,0,'0=手动；1=自动寻参，正限位；2=自动寻参，负限位',1);
INSERT INTO "Setup" VALUES(23,40,'参考点位置',1,550,9999,0,'单位：mm；参考点实际位置',550);
INSERT INTO "Setup" VALUES(NULL,41,NULL,NULL,NULL,NULL,NULL,NULL,NULL);
INSERT INTO "Setup" VALUES(NULL,42,NULL,NULL,NULL,NULL,NULL,NULL,NULL);
INSERT INTO "Setup" VALUES(NULL,43,NULL,NULL,NULL,NULL,NULL,NULL,NULL);
INSERT INTO "Setup" VALUES(NULL,44,NULL,NULL,NULL,NULL,NULL,NULL,NULL);
INSERT INTO "Setup" VALUES(NULL,45,NULL,NULL,NULL,NULL,NULL,NULL,NULL);
INSERT INTO "Setup" VALUES(20,46,'保压时间',1,3,99,0,'单位：s;保压阶段的持续时间',3);
INSERT INTO "Setup" VALUES(20,47,'卸荷时间',1,0,99,0,'单位：s;卸荷阶段的持续时间',0);
INSERT INTO "Setup" VALUES(20,48,'回程模式',1,0,1,0,'0=回程至上止点；1=按“回程时间”设定值回程',0);
INSERT INTO "Setup" VALUES(20,49,'回程时间',1,0,99,0,'单位：秒',0);
INSERT INTO "Setup" VALUES(20,50,'单次模式',1,0,1,0,'0=正常模式；1=模式1',0);
INSERT INTO "Setup" VALUES(20,51,'快速模式',1,0,1,0,'0=正常模式；1=模式1',0);
INSERT INTO "Setup" VALUES(NULL,52,NULL,NULL,NULL,NULL,NULL,NULL,NULL);
INSERT INTO "Setup" VALUES(NULL,53,NULL,NULL,NULL,NULL,NULL,NULL,NULL);
INSERT INTO "Setup" VALUES(NULL,54,NULL,NULL,NULL,NULL,NULL,NULL,NULL);
INSERT INTO "Setup" VALUES(NULL,55,NULL,NULL,NULL,NULL,NULL,'',NULL);
INSERT INTO "Setup" VALUES(NULL,56,NULL,NULL,NULL,NULL,NULL,NULL,NULL);
INSERT INTO "Setup" VALUES(NULL,58,NULL,NULL,NULL,NULL,NULL,NULL,NULL);
INSERT INTO "Setup" VALUES(NULL,59,NULL,NULL,NULL,NULL,NULL,NULL,NULL);
INSERT INTO "Setup" VALUES(10,60,'语言',1,0,1,0,'0=中文；1=ENGLISH',0);
INSERT INTO "Setup" VALUES(10,61,'单位',1,0,1,0,'0=mm；1=inch',0);
INSERT INTO "Setup" VALUES(10,62,'输入密码',1,0,9999,0,'输入正确的密码，有权限操作',0);
INSERT INTO "Setup" VALUES(NULL,63,NULL,NULL,NULL,NULL,NULL,NULL,NULL);
INSERT INTO "Setup" VALUES(NULL,64,NULL,NULL,NULL,NULL,NULL,NULL,NULL);
INSERT INTO "Setup" VALUES(NULL,65,NULL,NULL,NULL,NULL,NULL,NULL,NULL);
INSERT INTO "Setup" VALUES(NULL,66,NULL,NULL,NULL,NULL,NULL,NULL,NULL);
INSERT INTO "Setup" VALUES(32,67,'厂家授权',1,0,999999,0,NULL,0);
INSERT INTO "Setup" VALUES(32,68,'X1地址',1,1,8,0,NULL,1);
INSERT INTO "Setup" VALUES(32,69,'X2地址',1,2,8,0,NULL,2);
INSERT INTO "Setup" VALUES(32,70,'Y1地址',1,3,8,0,NULL,3);
INSERT INTO "Setup" VALUES(32,71,'Y2地址',1,4,8,0,NULL,4);
INSERT INTO "Setup" VALUES(32,72,'R1地址',1,5,8,0,NULL,5);
INSERT INTO "Setup" VALUES(32,74,'R2地址',1,6,8,0,NULL,6);
INSERT INTO "Setup" VALUES(32,75,'Z1地址',1,7,8,0,NULL,7);
INSERT INTO "Setup" VALUES(32,76,'Z2地址',1,8,8,0,NULL,8);
INSERT INTO "Setup" VALUES(NULL,77,NULL,NULL,NULL,NULL,NULL,NULL,NULL);
INSERT INTO "Setup" VALUES(NULL,78,NULL,NULL,NULL,NULL,NULL,NULL,NULL);
INSERT INTO "Setup" VALUES(NULL,79,NULL,NULL,NULL,NULL,NULL,NULL,NULL);
INSERT INTO "Setup" VALUES(NULL,80,NULL,NULL,NULL,NULL,NULL,NULL,NULL);
INSERT INTO "Setup" VALUES(NULL,81,NULL,NULL,NULL,NULL,NULL,NULL,NULL);
INSERT INTO "Setup" VALUES(NULL,82,NULL,NULL,NULL,NULL,NULL,NULL,NULL);
CREATE TABLE UpMold (ID INTEGER PRIMARY KEY, Height NUMERIC, Angle NUMERIC, Radius NUMERIC, Impedance NUMERIC);
INSERT INTO "UpMold" VALUES(1,180,86,0.1,11);
INSERT INTO "UpMold" VALUES(2,180,86,0.1,11);
INSERT INTO "UpMold" VALUES(3,180,86,0.1,11);
INSERT INTO "UpMold" VALUES(4,180,86,0.1,11);
INSERT INTO "UpMold" VALUES(5,180,86,0.1,11);
CREATE TABLE POK(ID INTEGER PRIMARY KEY    ,Angle               NUMERIC    ,AngleCompensate     NUMERIC    ,Yaxis               NUMERIC    ,Xaxis               NUMERIC    ,XaxisCorrect        NUMERIC    ,Distance            NUMERIC    ,Pressure            NUMERIC    ,ReturnTime          NUMERIC    ,Holding             NUMERIC    ,Raxis               NUMERIC    );
INSERT INTO "POK" VALUES(1,120,10,300000,100000,1,20,30,1,1,20000);
INSERT INTO "POK" VALUES(2,90,10,10000,10000,1,20,30,1,1,20000);
INSERT INTO "POK" VALUES(3,90,10,100000,100000,1,20,30,1,1,10000);
INSERT INTO "POK" VALUES(4,90,10,100000,100000,1,20,30,1,1,5000);
CREATE TABLE E333(ID INTEGER PRIMARY KEY    ,Angle               NUMERIC    ,AngleCompensate     NUMERIC    ,Yaxis               NUMERIC    ,Xaxis               NUMERIC    ,XaxisCorrect        NUMERIC    ,Distance            NUMERIC    ,Pressure            NUMERIC    ,ReturnTime          NUMERIC    ,Holding             NUMERIC    ,Raxis               NUMERIC    );
INSERT INTO "E333" VALUES(1,150,15,10,20,1,20,30,1,1,20);
INSERT INTO "E333" VALUES(2,80,10,10,20,1,20,30,1,1,20);
INSERT INTO "E333" VALUES(3,80,10,10,20,1,20,30,1,1,20);
INSERT INTO "E333" VALUES(4,120,-10.2,10,20,1,20,12,1,1,20);
INSERT INTO "E333" VALUES(5,150,15,10,20,1,20,2,1,1,20);
CREATE TABLE SystemTips (ID INTEGER PRIMARY KEY, Info TEXT);
INSERT INTO "SystemTips" VALUES(1,'准备就绪！');
INSERT INTO "SystemTips" VALUES(2,'正在加工');
INSERT INTO "SystemTips" VALUES(3,'加工完成');
INSERT INTO "SystemTips" VALUES(4,'数据初始化完毕');
INSERT INTO "SystemTips" VALUES(5,'数据备份完毕');
INSERT INTO "SystemTips" VALUES(6,'数据恢复完毕，设备重启');
INSERT INTO "SystemTips" VALUES(7,'1号电机离线');
INSERT INTO "SystemTips" VALUES(8,'2号电机离线');
INSERT INTO "SystemTips" VALUES(9,'3号电机离线');
INSERT INTO "SystemTips" VALUES(10,'MT离线');
INSERT INTO "SystemTips" VALUES(11,'1号电机未初始化！要重新打开电机');
INSERT INTO "SystemTips" VALUES(12,'2号电机未初始化！要重新打开电机');
INSERT INTO "SystemTips" VALUES(13,'3号电机未初始化！要重新打开电机');
CREATE TABLE SystemAlarm (ID INTEGER PRIMARY KEY, Info TEXT);
INSERT INTO "SystemAlarm" VALUES(1,'刀架未到上止点，请踩脚踏下');
CREATE TABLE RunParameter (ID INTEGER PRIMARY KEY, YZero NUMERIC);
INSERT INTO "RunParameter" VALUES(1,82);
CREATE TABLE PLK(ID INTEGER PRIMARY KEY    ,Angle               NUMERIC    ,AngleCompensate     NUMERIC    ,Yaxis               NUMERIC    ,Xaxis               NUMERIC    ,XaxisCorrect        NUMERIC    ,Distance            NUMERIC    ,Pressure            NUMERIC    ,ReturnTime          NUMERIC    ,Holding             NUMERIC    ,Raxis               NUMERIC    );
INSERT INTO "PLK" VALUES(1,90,10,10,20,1,20,30,1,1,20);
CREATE TABLE ProgramLib (ID INTEGER PRIMARY KEY, Name TEXT, StepTotal NUMERIC, BoardWide NUMERIC, BoardThick NUMERIC, Material NUMERIC, UPMold NUMERIC, LowerMold NUMERIC, WorkedTotal NUMERIC);
INSERT INTO "ProgramLib" VALUES(1,'E333',5,2,2,1,3,2,0);
INSERT INTO "ProgramLib" VALUES(2,'POK',4,2,2,0,1,3,0);
INSERT INTO "ProgramLib" VALUES(3,'PA',1,2,2,1,3,2,0);
INSERT INTO "ProgramLib" VALUES(4,'PD',4,2,2,1,3,2,0);
INSERT INTO "ProgramLib" VALUES(5,'L',1,2,2,1,2,3,0);
INSERT INTO "ProgramLib" VALUES(6,'R',1,2,2,1,3,2,0);
CREATE TABLE LowerMold (ID INTEGER PRIMARY KEY, Height NUMERIC, D_V NUMERIC, Angle NUMERIC, Radius NUMERIC, SpeedPostion NUMERIC, SpeedChange NUMERIC, Impedance NUMERIC);
INSERT INTO "LowerMold" VALUES(1,120,12,90,0.1,2,2,2);
INSERT INTO "LowerMold" VALUES(2,120,12,90,0.1,2,2,2);
INSERT INTO "LowerMold" VALUES(3,120,12,90,0.1,2,2,2);
INSERT INTO "LowerMold" VALUES(4,120,12,90,0.1,2,2,2);
CREATE TABLE Materialdb (ID INTEGER PRIMARY KEY, Name NUMERIC, StrengthFactor TEXT, EMold NUMERIC, Type NUMERIC);
INSERT INTO "Materialdb" VALUES(1,'铁-16','12',12,NULL);
INSERT INTO "Materialdb" VALUES(2,'铝-16','60',60,NULL);
INSERT INTO "Materialdb" VALUES(3,'铝-16','12',12,NULL);
CREATE TABLE PA(ID INTEGER PRIMARY KEY    ,Angle               NUMERIC    ,AngleCompensate     NUMERIC    ,Yaxis               NUMERIC    ,Xaxis               NUMERIC    ,XaxisCorrect        NUMERIC    ,Distance            NUMERIC    ,Pressure            NUMERIC    ,ReturnTime          NUMERIC    ,Holding             NUMERIC    ,Raxis               NUMERIC    );
INSERT INTO "PA" VALUES(1,90,10,10,20,1,20,30,1,1,20);
CREATE TABLE PD(ID INTEGER PRIMARY KEY    ,Angle               NUMERIC    ,AngleCompensate     NUMERIC    ,Yaxis               NUMERIC    ,Xaxis               NUMERIC    ,XaxisCorrect        NUMERIC    ,Distance            NUMERIC    ,Pressure            NUMERIC    ,ReturnTime          NUMERIC    ,Holding             NUMERIC    ,Raxis               NUMERIC    );
INSERT INTO "PD" VALUES(1,90,10,10,20,1,20,30,1,1,20);
INSERT INTO "PD" VALUES(2,90,10,10,20,1,20,12,1,1,20);
INSERT INTO "PD" VALUES(3,90,10,10,20,1,20,12,1,1,20);
INSERT INTO "PD" VALUES(4,90,10,10,20,1,20,12,1,1,20);
CREATE TABLE L(ID INTEGER PRIMARY KEY    ,Angle               NUMERIC    ,AngleCompensate     NUMERIC    ,Yaxis               NUMERIC    ,Xaxis               NUMERIC    ,XaxisCorrect        NUMERIC    ,Distance            NUMERIC    ,Pressure            NUMERIC    ,ReturnTime          NUMERIC    ,Holding             NUMERIC    ,Raxis               NUMERIC    );
INSERT INTO "L" VALUES(1,90,10,10,20,1,20,30,1,1,20);
CREATE TABLE R(ID INTEGER PRIMARY KEY    ,Angle               NUMERIC    ,AngleCompensate     NUMERIC    ,Yaxis               NUMERIC    ,Xaxis               NUMERIC    ,XaxisCorrect        NUMERIC    ,Distance            NUMERIC    ,Pressure            NUMERIC    ,ReturnTime          NUMERIC    ,Holding             NUMERIC    ,Raxis               NUMERIC    );
INSERT INTO "R" VALUES(1,90,10,10,20,1,20,30,1,1,20);
COMMIT;
